[{
    "name":"bhagavad gita",
    "author":"vysa",
    "genre":"religious scripture",
    "image":"https://c8.alamy.com/comp/BNFTCX/close-up-of-the-bhagavad-gita-BNFTCX.jpg"
},
{
    "name":"ikagai",
    "author":"Hector Garcia and Francesc Miralles",
    "genre":"Self Help Book",
    "image":"https://m.media-amazon.com/images/I/814L+vq01mL._AC_UF1000,1000_QL80_.jpg"
},
{
    "name":"harry potter",
    "author":"J.K. Rowling",
    "genre":"Action, Horror, Comedy, Adventure",
    "image":"https://thumbs.dreamstime.com/b/harry-potter-warner-brothers-studio-tour-london-uk-entrance-where-filmed-actual-film-series-movie-poster-sorcerers-164168768.jpg" 
},
{
    "name":"little women",
    "author":"Louisa May Alcott",
    "genre":"Children's Literature, Comedy",
    "image":"https://d28hgpri8am2if.cloudfront.net/book_images/onix/cvr9781534462205/little-women-9781534462205_hr.jpg"
}

]