[
    {
        "name":"Economic & Political Weekly",
        "author":"Sachin Chaudhuri"
    },

    {
        "name":"National Law School Of Indian Review",
        "author":"Ravi chandran.M"
    },
    
    {
        "name":" Psycology & Developing Socities",
        "author":"Allan B I Benardo, Girishwar Mishra, Jaan  Valsiner, John W Berry, Kiran Kumar Salagame"
    },

    {
        "name":"Journal Of Education",
        "author":" Wiley, taylor&Francis, John E.Kello"
    }
]